"Bill of Material for PCB1.PcbDoc"
"On 2017/3/27 at 13:59:56"

"Comment","Pattern","Quantity","Components"

"0.1uF","C0603-S","8","C12, C30, C31, C47, C50, C52, C53, C56","Capacitor"
"0R","R0805-S","1","R20","Resistor"
"100K","R0603-S","1","R14","Resistor"
"100pF","C0603-S","4","C51, C54, C55, C57","Capacitor"
"100uF/10V","CAPPR-5.3X5.3-SM-C","1","C45","Polarized Capacitor"
"10K","R0603-S","8","R2, R3, R6, R12, R21, R23, R25, R27","Resistor"
"10uF/25V","TC3528-1411","1","C29","Polarized Capacitor"
"10uF","C0603-S","2","C35, C48","Capacitor"
"2.2uF","C0603-S","1","C11","Capacitor"
"220uF/35V","CAPPR-8.3X8.3-SM-F","2","C33, C34","Polarized Capacitor"
"240R","R0603-S","4","R22, R24, R26, R28","Resistor"
"470R","R0603-S","4","R4, R5, R11, R17","Resistor"
"74HC14D","SO14-150","1","U10","Hex inverting Schmitt trigger"
"AT24C02","AT24C02","1","U2","8 lead ssop,2k/2048bits"
"BC817","SOT-23","1","Q1","NPN General Purpose Amplifier"
"BEAD-220/100MHZ-0603","L0603","1","L2","0603,BEAD"
"C_0.1UF_0603","C_0603","1","C6",""
"C_10UF_0603","C_0603","1","C5",""
"CAMERA-PORT","2x10DIP","1","JP3",""
"CAP_0.1UF_0603_FIRE","CAP_0603_FIRE","5","C3, C8, C9, C10, C13","SURFACE MOUNT CAPACITOR 0.031 X 0.061 INCHES"
"CAP_20P_0603_FIRE","CAP_0603_FIRE","2","C1, C2",""
"GDCD1054-471MT","GDCD1054","1","L1","Inductor"
"HC-05","HC-05","1","U3","Bluetooth Module"
"Header 2","HDR1X2","1","P1","Header, 2-Pin"
"Header 3","HDR1X3","3","P3, P4, P5","Header, 3-Pin"
"HEADER 4","HDR1X4","3","JP4, P8, P9",""
"Header 5","HDR1X5","1","P2","Header, 5-Pin"
"Header 6","HDR1X6","1","P6","Header, 6-Pin"
"HEADER 6","WHDR2.0X6","3","JP1, JP7, JP8",""
"Header 8","HDR1X8","1","P7","Header, 8-Pin"
"IS62WV51216BLL-55TLI","TSOP44-0.8MM","1","U4","TSOP-II,2.5V - 3.6V, 512K x 16,55ns"
"iujiaoanjiang","liujiaojiang","1","liujiaoanjiang",""
"KEY","SW6.2/6.2-SMD","1","RESET",""
"LED-G","LED0603","2","D2, D4","Light Emitting Diode"
"LED-R","LED0603","2","D1, D6","Light Emitting Diode"
"LM2596S-5V","D2PAK","1","U7",""
"R_10K_0603","R_0603","1","R10",""
"R_4.7K_0603","R_0603","3","R7, R8, R9",""
"RES_10K_0603_FIRE","RES_0603_FIRE","1","R1","SURFACE MOUNT RESISTOR 0.031 X 0.061 INCHES, 1/10W"
"SS34","SMB","1","D5","Schottky barrier rectifier"
"STM32F103ZET6","LQFP144_ZET6","1","U1","Cortex-M3,64KRAM,512KFLASH,"
"TB6612FNG","SSOP24-300-0.65A","1","U6","Driver IC for Dual DC motor"
"W25Q64","SO8WB","1","U5",""
"WF3.2LCD","2x16DIP","1","JP2",""
"XTAL_8M_FIRE","CRYSTAL_SMD_FIRE","1","Y1","CRYSTAL"
